{"cameraMode":{"drawMode":0,"name":"Shaded","section":"Shading Mode"},"sceneLighting":true,"audioPlay":false,"sceneViewState":{"m_AlwaysRefresh":false,"showFog":true,"showSkybox":true,"showFlares":true,"showImageEffects":true,"showParticleSystems":true,"showVisualEffectGraphs":true,"m_FxEnabled":true},"in2DMode":false,"pivot":{"x":3.134779691696167,"y":6.149219036102295,"z":7.638891220092773},"rotation":{"x":-0.19369466602802277,"y":0.25790274143218996,"z":-0.051993489265441897,"w":-0.9456806778907776},"size":18.576828002929689,"orthographic":false}